adresse_station,code_insee_commune,coordonneesXY,nbre_pdc,gratuit,date_mise_en_service,date_maj
PARKING MEDIATHEQUE CAVALAIRE SUR MER,83240,"43.170946, 6.534893",1,FALSE,07/06/2021,07/06/2021
PARKING MEDIATHEQUE CAVALAIRE SUR MER,83240,"43.170946, 6.534893",1,FALSE,07/06/2021,07/06/2021
PARKING PORT ST TROPEZ,83990,"43.270440, 6.635375",1,FALSE,07/06/2021,07/06/2021
PARKING PORT ST TROPEZ,83990,"43.270440, 6.635375",1,FALSE,07/06/2021,07/06/2021
ZONE COMMERCIAL PUGET SUR ARGENS,83480,"43.443935, 6.706553",1,FALSE,07/06/2021,07/06/2021
ZONE COMMERCIAL PUGET SUR ARGENS,83480,"43.443935, 6.706553",1,FALSE,07/06/2021,07/06/2021
ZONE COMMERCIAL PUGET SUR ARGENS,83480,"43.443935, 6.706553",1,FALSE,07/06/2021,07/06/2021
ZONE COMMERCIAL PUGET SUR ARGENS,83480,"43.443935, 6.706553",1,FALSE,07/06/2021,07/06/2021
PARKING MAIRIE GRIMAUD,83310,"43.274431, 6.522957",1,FALSE,07/06/2021,07/06/2021
PARKING MAIRIE GRIMAUD,83310,"43.274431, 6.522957",1,FALSE,07/06/2021,07/06/2021
PARKING PORT GRIMAUD,83310,"43.274761, 6.577430",1,FALSE,07/06/2021,07/06/2021
PARKING PORT GRIMAUD,83310,"43.274761, 6.577430",1,FALSE,07/06/2021,07/06/2021
PARKING RN7 GRIMAUD,83310,"43.272782, 6.521344",1,FALSE,07/06/2021,07/06/2021
PARKING RN7 GRIMAUD,83310,"43.272782, 6.521344",1,FALSE,07/06/2021,07/06/2021
PARKING SOSPEL,6380,"43.878408, 7.448297",1,FALSE,07/06/2021,07/06/2021
CHEMIN DES CANISSONS CAVALAIRE SUR MER,83240,"43.172029, 6.519044",1,FALSE,07/06/2021,07/06/2021
CHEMIN DES CANISSONS CAVALAIRE SUR MER,83240,"43.172029, 6.519044",1,FALSE,07/06/2021,07/06/2021
PARKING ESPACE DES LICES ST TROPEZ,83990,"43.269507, 6.640612",1,FALSE,07/06/2021,07/06/2021
PARKING ESPACE DES LICES ST TROPEZ,83990,"43.269507, 6.640612",1,FALSE,07/06/2021,07/06/2021
PARKING D943 LOURMARIN,84160,"43.765756, 5.363490",1,FALSE,07/06/2021,07/06/2021
PARKING D943 LOURMARIN,84160,"43.765756, 5.363490",1,FALSE,07/06/2021,07/06/2021
PARKING PORT ST TROPEZ,83990,"43.270440, 6.635375",1,FALSE,07/06/2021,07/06/2021
PARKING PORT ST TROPEZ,83990,"43.270440, 6.635375",1,FALSE,07/06/2021,07/06/2021
PARKING ST ZACHARIE,83640,"43.384124, 5.706148",1,FALSE,07/06/2021,07/06/2021
PARKING ST ZACHARIE,83640,"43.384124, 5.706148",1,FALSE,07/06/2021,07/06/2021
PARKING CLUB 55 RAMATUELLE,83350,"43.227475, 6.661056",1,FALSE,07/06/2021,07/06/2021
PARKING CLUB 55 RAMATUELLE,83350,"43.227475, 6.661056",1,FALSE,07/06/2021,07/06/2021
PARKING AIRE DE ST PONS GRIMAUD,83310,"43.279636, 6.577631",1,FALSE,07/06/2021,07/06/2021
PARKING AIRE DE ST PONS GRIMAUD,83310,"43.279636, 6.577631",1,FALSE,07/06/2021,07/06/2021
PARKING AIRE DE ST PONS GRIMAUD,83310,"43.279636, 6.577631",1,FALSE,07/06/2021,07/06/2021
RUE VAUBAN VERSAILLES,78000,"48.799674, 2.153577",1,FALSE,07/06/2021,07/06/2021
RUE VAUBAN VERSAILLES,78000,"48.799674, 2.153577",1,FALSE,07/06/2021,07/06/2021
RUE BONNE AVENTURE VERSAILLES,78000,"48.806742, 2.151875",1,FALSE,07/06/2021,07/06/2021
RUE BONNE AVENTURE VERSAILLES,78000,"48.806742, 2.151875",1,FALSE,07/06/2021,07/06/2021
RUE DES CHANTIERS VERSAILLES,78000,"48.796610, 2.136693",1,FALSE,07/06/2021,07/06/2021
RUE DES CHANTIERS VERSAILLES,78000,"48.796610, 2.136693",1,FALSE,07/06/2021,07/06/2021
PARKING GARE LA CROIX VALMER,83420,"43.207298, 6.568722",1,FALSE,07/06/2021,07/06/2021
PARKING GARE LA CROIX VALMER,83420,"43.207298, 6.568722",1,FALSE,07/06/2021,07/06/2021
PLACE DU MARCHE SAUVETERRE,30150,"44.024338, 4.793617",1,FALSE,07/06/2021,07/06/2021
PLACE DU MARCHE SAUVETERRE,30150,"44.024338, 4.793617",1,FALSE,07/06/2021,07/06/2021
PARKING PLAGE DU GIGARO,42000,"43.184096, 6.599485",1,FALSE,07/06/2021,07/06/2021
PARKING PLAGE DU GIGARO,42000,"43.184096, 6.599485",1,FALSE,07/06/2021,07/06/2021
PARKING BOSQUET STE MAXIME,83120,"43.329318, 6.616837",1,FALSE,07/06/2021,07/06/2021
PARKING BOSQUET STE MAXIME,83120,"43.329318, 6.616837",1,FALSE,07/06/2021,07/06/2021
PARKING PASTORELLI,83120,"43.314926, 6.634200",1,FALSE,07/06/2021,07/06/2021
PARKING PASTORELLI,83120,"43.314926, 6.634200",1,FALSE,07/06/2021,07/06/2021
PARKING GAUMONT STE MAXIME,83120,"43.325788, 6.624927",1,FALSE,07/06/2021,07/06/2021
PARKING GAUMONT STE MAXIME,83120,"43.325788, 6.624927",1,FALSE,07/06/2021,07/06/2021
PLACE MERMOZ STE MAXIME,83120,"43.310428, 6.634794",1,FALSE,07/06/2021,07/06/2021
PLACE MERMOZ STE MAXIME,83120,"43.310428, 6.634794",1,FALSE,07/06/2021,07/06/2021
PARKING JAURES PLAN DE LA TOUR,83120,"43.337839, 6.546778",1,FALSE,07/06/2021,07/06/2021
PARKING JAURES PLAN DE LA TOUR,83120,"43.337839, 6.546778",1,FALSE,07/06/2021,07/06/2021
PARKING TRIDENT GASSIN,83580,"43.262611, 6.586437",1,FALSE,07/06/2021,07/06/2021
PARKING TRIDENT GASSIN,83580,"43.262611, 6.586437",1,FALSE,07/06/2021,07/06/2021
PARKING LAUTIER SIVERGUES,84400,"43.828870, 5.403812",1,FALSE,07/06/2021,07/06/2021
PLACE AVENUE GENERAL DE GAULLE,83310,"43.251851, 6.533698",1,FALSE,07/06/2021,07/06/2021
PLACE VICTOR HUGO,83310,"43.250675, 6.534659",1,FALSE,07/06/2021,07/06/2021
PLACE AVENUE GENERAL DE GAULLE,83310,"43.251851, 6.533698",1,FALSE,07/06/2021,07/06/2021
PLACE VICTOR HUGO,83310,"43.250675, 6.534659",1,FALSE,07/06/2021,07/06/2021
PLACE DU 8 MAI 1945 JOINVILLE,94340,"48.816785, 2.466818",1,FALSE,07/06/2021,07/06/2021
PLACE DU 8 MAI 1945 JOINVILLE,94340,"48.816785, 2.466818",1,FALSE,07/06/2021,07/06/2021
PLACE DU 8 MAI 1945 JOINVILLE,94340,"48.816785, 2.466818",1,FALSE,07/06/2021,07/06/2021
PLACE DU 8 MAI 1945 JOINVILLE,94340,"48.816785, 2.466818",1,FALSE,07/06/2021,07/06/2021
PLACE DU 8 MAI 1945 JOINVILLE,94340,"48.816785, 2.466818",1,FALSE,07/06/2021,07/06/2021
PLACE DU 8 MAI 1945 JOINVILLE,94340,"48.816785, 2.466818",1,FALSE,07/06/2021,07/06/2021
AVENUE DU GENERAL DE GAULE VERSAILLES,78000,"48.800833, 2.129056",1,FALSE,07/06/2021,07/06/2021
AVENUE DU GENERAL DE GAULE VERSAILLES,78000,"48.800833, 2.129056",1,FALSE,07/06/2021,07/06/2021
540 AVENUE DE LA 2 EME DIVISION BLINDEE,30133,"43.958037, 4.764347",1,FALSE,07/06/2021,07/06/2021
540 AVENUE DE LA 2 EME DIVISION BLINDEE,30133,"43.958037, 4.764347",1,FALSE,07/06/2021,07/06/2021
149 AVENUE DE LA 2 EME DIVISION BLINDEE,30133,"43.958425, 4.768425",1,FALSE,07/06/2021,07/06/2021
149 AVENUE DE LA 2 EME DIVISION BLINDEE,30133,"43.958425, 4.768425",1,FALSE,07/06/2021,07/06/2021
AVENUE CHARLES DE GAULLE,30133,"43.962289, 4.752516",1,FALSE,07/06/2021,07/06/2021
AVENUE CHARLES DE GAULLE,30133,"43.962289, 4.752516",1,FALSE,07/06/2021,07/06/2021
27 boulevard Gallieni,92130,"48.827423, 2.267650",1,FALSE,07/06/2021,07/06/2021
27 boulevard Gallieni,92130,"48.827423, 2.267650",1,FALSE,07/06/2021,07/06/2021
27 boulevard Gallieni,92130,"48.827423, 2.267650",1,FALSE,07/06/2021,07/06/2021
27 boulevard Gallieni,92130,"48.827423, 2.267650",1,FALSE,07/06/2021,07/06/2021
27 boulevard Gallieni,92130,"48.827423, 2.267650",1,FALSE,07/06/2021,07/06/2021
27 boulevard Gallieni,92130,"48.827423, 2.267650",1,FALSE,07/06/2021,07/06/2021
21 BOULEVARD DES �LES,92130,"48.822635, 2.249932",1,FALSE,07/06/2021,07/06/2021
21 BOULEVARD DES �LES,92130,"48.822635, 2.249932",1,FALSE,07/06/2021,07/06/2021
21 BOULEVARD DES �LES,92130,"48.822635, 2.249932",1,FALSE,07/06/2021,07/06/2021
21 BOULEVARD DES �LES,92130,"48.822635, 2.249932",1,FALSE,07/06/2021,07/06/2021
21 BOULEVARD DES �LES,92130,"48.822635, 2.249932",1,FALSE,07/06/2021,07/06/2021
21 BOULEVARD DES �LES,92130,"48.822635, 2.249932",1,FALSE,07/06/2021,07/06/2021
BOULEVARD DU GENERAL DE GAULLE,92380,"48.838587, 2.186960",1,FALSE,07/06/2021,07/06/2021
BOULEVARD DU GENERAL DE GAULLE,92380,"48.838587, 2.186960",1,FALSE,07/06/2021,07/06/2021
BOULEVARD DU GENERAL DE GAULLE,92380,"48.838587, 2.186960",1,FALSE,07/06/2021,07/06/2021
BOULEVARD DU GENERAL DE GAULLE,92380,"48.838587, 2.186960",1,FALSE,07/06/2021,07/06/2021
BOULEVARD DU GENERAL DE GAULLE,92380,"48.838587, 2.186960",1,FALSE,07/06/2021,07/06/2021
BOULEVARD DU GENERAL DE GAULLE,92380,"48.838587, 2.186960",1,FALSE,07/06/2021,07/06/2021
1 RUE BERTHELOT DRANCY,93700,"48.921675, 2.445813",1,FALSE,07/06/2021,07/06/2021
1 RUE BERTHELOT DRANCY,93700,"48.921675, 2.445813",1,FALSE,07/06/2021,07/06/2021
PARKING DES ITALIENS - AVIGNON,84000,"43.953885, 4.823253",1,FALSE,07/06/2021,07/06/2021
PARKING DES ITALIENS - AVIGNON,84000,"43.953885, 4.823253",1,FALSE,07/06/2021,07/06/2021
PARKING DES ITALIENS - AVIGNON,84000,"43.953885, 4.823253",1,FALSE,07/06/2021,07/06/2021
PARKING DES ITALIENS - AVIGNON,84000,"43.953885, 4.823253",1,FALSE,07/06/2021,07/06/2021
FELIBRIGE - JONQUERETTE,84450,"43.948985, 4.936124",1,FALSE,07/06/2021,07/06/2021
FELIBRIGE - JONQUERETTE,84450,"43.948985, 4.936124",1,FALSE,07/06/2021,07/06/2021
AVIGNON -PARKING DE L'OULLE,84000,"43.949101, 4.800516",1,FALSE,07/06/2021,07/06/2021
AVIGNON -PARKING DE L'OULLE,84000,"43.949101, 4.800516",1,FALSE,07/06/2021,07/06/2021
AVIGNON -PARKING DE L'OULLE,84000,"43.949101, 4.800516",1,FALSE,07/06/2021,07/06/2021
AVIGNON -PARKING DE L'OULLE,84000,"43.949101, 4.800516",1,FALSE,07/06/2021,07/06/2021
VELIZY-DAUTIER,78140,"48.780621, 2.210091",1,FALSE,07/06/2021,07/06/2021
VELIZY-DAUTIER,78140,"48.780621, 2.210091",1,FALSE,07/06/2021,07/06/2021
VELIZY-DAUTIER,78140,"48.780621, 2.210091",1,FALSE,07/06/2021,07/06/2021
VELIZY-DAUTIER,78140,"48.780621, 2.210091",1,FALSE,07/06/2021,07/06/2021
VELIZY-DAUTIER,78140,"48.780621, 2.210091",1,FALSE,07/06/2021,07/06/2021
VELIZY-DAUTIER,78140,"48.780621, 2.210091",1,FALSE,07/06/2021,07/06/2021
RUE DEWOITINE - VELIZY,78140,"48.782833, 2.215456",1,FALSE,07/06/2021,07/06/2021
RUE DEWOITINE - VELIZY,78140,"48.782833, 2.215456",1,FALSE,07/06/2021,07/06/2021
RUE DEWOITINE - VELIZY,78140,"48.782833, 2.215456",1,FALSE,07/06/2021,07/06/2021
RUE DEWOITINE - VELIZY,78140,"48.782833, 2.215456",1,FALSE,07/06/2021,07/06/2021
RUE DEWOITINE - VELIZY,78140,"48.782833, 2.215456",1,FALSE,07/06/2021,07/06/2021
RUE DEWOITINE - VELIZY,78140,"48.782833, 2.215456",1,FALSE,07/06/2021,07/06/2021
ALL�E LAT�CO�RE - DASSAULT - VELIZY,78140,"48.785437, 2.211931",1,FALSE,07/06/2021,07/06/2021
ALL�E LAT�CO�RE - DASSAULT - VELIZY,78140,"48.785437, 2.211931",1,FALSE,07/06/2021,07/06/2021
ALL�E LAT�CO�RE - DASSAULT - VELIZY,78140,"48.785437, 2.211931",1,FALSE,07/06/2021,07/06/2021
ALL�E LAT�CO�RE - DASSAULT - VELIZY,78140,"48.785437, 2.211931",1,FALSE,07/06/2021,07/06/2021
ALL�E LAT�CO�RE - DASSAULT - VELIZY,78140,"48.785437, 2.211931",1,FALSE,07/06/2021,07/06/2021
ALL�E LAT�CO�RE - DASSAULT - VELIZY,78140,"48.785437, 2.211931",1,FALSE,07/06/2021,07/06/2021
AVENUE WAGNER - VELIZY,78140,"48.784153, 2.177635",1,FALSE,07/06/2021,07/06/2021
AVENUE WAGNER - VELIZY,78140,"48.784153, 2.177635",1,FALSE,07/06/2021,07/06/2021
AVENUE WAGNER - VELIZY,78140,"48.784153, 2.177635",1,FALSE,07/06/2021,07/06/2021
AVENUE WAGNER - VELIZY,78140,"48.784153, 2.177635",1,FALSE,07/06/2021,07/06/2021
AVENUE WAGNER - VELIZY,78140,"48.784153, 2.177635",1,FALSE,07/06/2021,07/06/2021
AVENUE WAGNER - VELIZY,78140,"48.784153, 2.177635",1,FALSE,07/06/2021,07/06/2021
BOULEVARD RAYMOND POINCARE - GARCHES,92380,"48.838520, 2.170362",1,FALSE,07/06/2021,07/06/2021
BOULEVARD RAYMOND POINCARE - GARCHES,92380,"48.838520, 2.170362",1,FALSE,07/06/2021,07/06/2021
BOULEVARD RAYMOND POINCARE - GARCHES,92380,"48.838520, 2.170362",1,FALSE,07/06/2021,07/06/2021
BOULEVARD RAYMOND POINCARE - GARCHES,92380,"48.838520, 2.170362",1,FALSE,07/06/2021,07/06/2021
BOULEVARD RAYMOND POINCARE - GARCHES,92380,"48.838520, 2.170362",1,FALSE,07/06/2021,07/06/2021
BOULEVARD RAYMOND POINCARE - GARCHES,92380,"48.838520, 2.170362",1,FALSE,07/06/2021,07/06/2021
BOULEVARD DE LA REINE - VERSAILLES,78000,"48.809898, 2.120960",1,FALSE,07/06/2021,07/06/2021
BOULEVARD DE LA REINE - VERSAILLES,78000,"48.809898, 2.120960",1,FALSE,07/06/2021,07/06/2021
AVENUE DE PARIS VERSAILLES,78000,"48.801996, 2.130358",1,FALSE,07/06/2021,07/06/2021
AVENUE DE PARIS VERSAILLES,78000,"48.801996, 2.130358",1,FALSE,07/06/2021,07/06/2021
AVENUE DE PARIS VERSAILLES,78000,"48.801996, 2.130358",1,FALSE,07/06/2021,07/06/2021
AVENUE DE PARIS VERSAILLES,78000,"48.801996, 2.130358",1,FALSE,07/06/2021,07/06/2021
PLACE MOZART - JOINVILLE,94340,"48.824539, 2.475489",1,FALSE,07/06/2021,07/06/2021
PLACE MOZART - JOINVILLE,94340,"48.824539, 2.475489",1,FALSE,07/06/2021,07/06/2021
PLACE MOZART - JOINVILLE,94340,"48.824539, 2.475489",1,FALSE,07/06/2021,07/06/2021
PLACE MOZART - JOINVILLE,94340,"48.824539, 2.475489",1,FALSE,07/06/2021,07/06/2021
PLACE MOZART - JOINVILLE,94340,"48.824539, 2.475489",1,FALSE,07/06/2021,07/06/2021
PLACE MOZART - JOINVILLE,94340,"48.824539, 2.475489",1,FALSE,07/06/2021,07/06/2021
PLACE VERDUN - JOINVILLE,94340,"48.824539, 2.475489",1,FALSE,07/06/2021,07/06/2021
PLACE VERDUN - JOINVILLE,94340,"48.824539, 2.475489",1,FALSE,07/06/2021,07/06/2021
PLACE VERDUN - JOINVILLE,94340,"48.824539, 2.475489",1,FALSE,07/06/2021,07/06/2021
PLACE VERDUN - JOINVILLE,94340,"48.824539, 2.475489",1,FALSE,07/06/2021,07/06/2021
PLACE VERDUN - JOINVILLE,94340,"48.824539, 2.475489",1,FALSE,07/06/2021,07/06/2021
PLACE VERDUN - JOINVILLE,94340,"48.824539, 2.475489",1,FALSE,07/06/2021,07/06/2021
RUE BUZENVAL - GARCHES,92280,"48.852040, 2.204549",1,FALSE,07/06/2021,07/06/2021
RUE BUZENVAL - GARCHES,92280,"48.852040, 2.204549",1,FALSE,07/06/2021,07/06/2021
RUE BUZENVAL - GARCHES,92280,"48.852040, 2.204549",1,FALSE,07/06/2021,07/06/2021
RUE BUZENVAL - GARCHES,92280,"48.852040, 2.204549",1,FALSE,07/06/2021,07/06/2021
RUE BUZENVAL - GARCHES,92280,"48.852040, 2.204549",1,FALSE,07/06/2021,07/06/2021
RUE BUZENVAL - GARCHES,92280,"48.852040, 2.204549",1,FALSE,07/06/2021,07/06/2021
FOLIE BOCACE - AVIGNON,84000,"43.947206, 4.828155",1,FALSE,07/06/2021,07/06/2021
FOLIE BOCACE - AVIGNON,84000,"43.947206, 4.828155",1,FALSE,07/06/2021,07/06/2021
MONTFAVET �TOILE - AVIGNON,84000,"43.940161, 4.876349",1,FALSE,07/06/2021,07/06/2021
MONTFAVET �TOILE - AVIGNON,84000,"43.940161, 4.876349",1,FALSE,07/06/2021,07/06/2021
MONTFAVET �TOILE - AVIGNON,84000,"43.940161, 4.876349",1,FALSE,07/06/2021,07/06/2021
MONTFAVET �TOILE - AVIGNON,84000,"43.940161, 4.876349",1,FALSE,07/06/2021,07/06/2021
MONCLAR - AVIGNON,84000,"43.936094, 4.805081",1,FALSE,07/06/2021,07/06/2021
MONCLAR - AVIGNON,84000,"43.936094, 4.805081",1,FALSE,07/06/2021,07/06/2021
PARKING PONT DES DEUX EAUX - AVIGNON,84000,"43.946211, 4.843686",1,FALSE,07/06/2021,07/06/2021
PARKING PONT DES DEUX EAUX - AVIGNON,84000,"43.946211, 4.843686",1,FALSE,07/06/2021,07/06/2021
PARKING PONT DES DEUX EAUX - AVIGNON,84000,"43.946211, 4.843686",1,FALSE,07/06/2021,07/06/2021
PARKING PONT DES DEUX EAUX - AVIGNON,84000,"43.946211, 4.843686",1,FALSE,07/06/2021,07/06/2021
MAIRIE NORD ROCADE - AVIGNON,84000,"43.935617, 4.820720",1,FALSE,07/06/2021,07/06/2021
MAIRIE NORD ROCADE - AVIGNON,84000,"43.935617, 4.820720",1,FALSE,07/06/2021,07/06/2021
PARKING SAINT RUF - AVIGNON,84000,"43.936482, 4.809693",1,FALSE,07/06/2021,07/06/2021
PARKING SAINT RUF - AVIGNON,84000,"43.936482, 4.809693",1,FALSE,07/06/2021,07/06/2021
RUE SADI CARNOT - DRANCY,93700,"48.925680, 2.440460",1,FALSE,07/06/2021,07/06/2021
RUE SADI CARNOT - DRANCY,93700,"48.925680, 2.440460",1,FALSE,07/06/2021,07/06/2021
RUE DES FILLES - AVIGNON,84000,"43.925813, 4.876649",1,FALSE,07/06/2021,07/06/2021
RUE DES FILLES - AVIGNON,84000,"43.925813, 4.876649",1,FALSE,07/06/2021,07/06/2021
BOULEVARD MARCEL COMBES - AVIGNON,84000,"43.952128, 4.833258",1,FALSE,07/06/2021,07/06/2021
BOULEVARD MARCEL COMBES - AVIGNON,84000,"43.952128, 4.833258",1,FALSE,07/06/2021,07/06/2021
AVENUE EISENHOWER - AVIGNON,84000,"43.929592, 4.799193",1,FALSE,07/06/2021,07/06/2021
AVENUE EISENHOWER - AVIGNON,84000,"43.929592, 4.799193",1,FALSE,07/06/2021,07/06/2021
AVENUE EISENHOWER - AVIGNON,84000,"43.929592, 4.799193",1,FALSE,07/06/2021,07/06/2021
AVENUE EISENHOWER - AVIGNON,84000,"43.929592, 4.799193",1,FALSE,07/06/2021,07/06/2021
LABANDE FERRY - AVIGNON,84000,"43.937354, 4.798628",1,FALSE,07/06/2021,07/06/2021
LABANDE FERRY - AVIGNON,84000,"43.937354, 4.798628",1,FALSE,07/06/2021,07/06/2021
AVENUE EISENHOWER - AVIGNON,84000,"43.929592, 4.799193",1,FALSE,07/06/2021,07/06/2021
AVENUE EISENHOWER - AVIGNON,84000,"43.929592, 4.799193",1,FALSE,07/06/2021,07/06/2021
AVENUE EISENHOWER - AVIGNON,84000,"43.929592, 4.799193",1,FALSE,07/06/2021,07/06/2021
AVENUE EISENHOWER - AVIGNON,84000,"43.929592, 4.799193",1,FALSE,07/06/2021,07/06/2021
AVENUE CABRIERES OLIVADES - AVIGNON,84000,"43.928623, 4.813005",1,FALSE,07/06/2021,07/06/2021
AVENUE CABRIERES OLIVADES - AVIGNON,84000,"43.928623, 4.813005",1,FALSE,07/06/2021,07/06/2021
AVENUE TARASCON - AVIGNON,84000,"43.930192, 4.809387",1,FALSE,07/06/2021,07/06/2021
AVENUE TARASCON - AVIGNON,84000,"43.930192, 4.809387",1,FALSE,07/06/2021,07/06/2021
MAIRIE SUD ROCADE - AVIGNON,84000,"43.929502, 4.821979",1,FALSE,07/06/2021,07/06/2021
MAIRIE SUD ROCADE - AVIGNON,84000,"43.929502, 4.821979",1,FALSE,07/06/2021,07/06/2021
BOULEVARD DENIS SOULIER- AVIGNON,84000,"43.942256, 4.816939",1,FALSE,07/06/2021,07/06/2021
BOULEVARD DENIS SOULIER- AVIGNON,84000,"43.942256, 4.816939",1,FALSE,07/06/2021,07/06/2021
AVENUE JEAN MONNET - MORIERE,84310,"43.940189, 4.899412",1,FALSE,07/06/2021,07/06/2021
AVENUE JEAN MONNET - MORIERE,84310,"43.940189, 4.899412",1,FALSE,07/06/2021,07/06/2021
BP MANISSIEUX - SAINT-PRIEST,BP69800,"45.698458, 4.977306",1,FALSE,07/06/2021,07/06/2021
BP MANISSIEUX - SAINT-PRIEST,BP69800,"45.698458, 4.977306",1,FALSE,07/06/2021,07/06/2021
BP MANISSIEUX - SAINT-PRIEST,BP69800,"45.698458, 4.977306",1,FALSE,07/06/2021,07/06/2021
BP FRAZE - MANOIR DU PERCHE - DAMPIERRE-SOUS-BROU,BP28100,"48.240665, 1.083300",1,FALSE,07/06/2021,07/06/2021
BP FRAZE - MANOIR DU PERCHE - DAMPIERRE-SOUS-BROU,BP28100,"48.240665, 1.083300",1,FALSE,07/06/2021,07/06/2021
BP FRAZE - MANOIR DU PERCHE - DAMPIERRE-SOUS-BROU,BP28100,"48.240665, 1.083300",1,FALSE,07/06/2021,07/06/2021
BP - SAINT-SYLVAIN-D'ANJOU,BP49400,"47.500239, -0.490811",1,FALSE,07/06/2021,07/06/2021
BP - SAINT-SYLVAIN-D'ANJOU,BP49400,"47.500239, -0.490811",1,FALSE,07/06/2021,07/06/2021
BP - SAINT-SYLVAIN-D'ANJOU,BP49400,"47.500239, -0.490811",1,FALSE,07/06/2021,07/06/2021
BP - SAINT-PRIEST,BP69800,"45.698131, 4.974066",1,FALSE,07/06/2021,07/06/2021
BP - SAINT-PRIEST,BP69800,"45.698131, 4.974066",1,FALSE,07/06/2021,07/06/2021
BP - SAINT-PRIEST,BP69800,"45.698131, 4.974066",1,FALSE,07/06/2021,07/06/2021
BP CHAMPAGNE SUD - LES PETITES-LOGES,BP514000,"49.120583, 4.242799",1,FALSE,07/06/2021,07/06/2021
BP CHAMPAGNE SUD - LES PETITES-LOGES,BP514000,"49.120583, 4.242799",1,FALSE,07/06/2021,07/06/2021
BP CHAMPAGNE SUD - LES PETITES-LOGES,BP514000,"49.120583, 4.242799",1,FALSE,07/06/2021,07/06/2021
BP CHAMPAGNE NORD - LES PETITES-LOGES,BP514000,"49.120556, 4.242644",1,FALSE,07/06/2021,07/06/2021
BP CHAMPAGNE NORD - LES PETITES-LOGES,BP514000,"49.120556, 4.242644",1,FALSE,07/06/2021,07/06/2021
BP CHAMPAGNE NORD - LES PETITES-LOGES,BP514000,"49.120556, 4.242644",1,FALSE,07/06/2021,07/06/2021
BP - LONGEVILLE,BP577000,"49.132656, 6.660772",1,FALSE,07/06/2021,07/06/2021
BP - LONGEVILLE,BP577000,"49.132656, 6.660772",1,FALSE,07/06/2021,07/06/2021
BP - LONGEVILLE,BP577000,"49.132656, 6.660772",1,FALSE,07/06/2021,07/06/2021
BP - Garigliano,BP75000,"48.836240, 2.277903",1,FALSE,07/06/2021,07/06/2021
BP - Garigliano,BP75000,"48.836240, 2.277903",1,FALSE,07/06/2021,07/06/2021
BP - Garigliano,BP75000,"48.836240, 2.277903",1,FALSE,07/06/2021,07/06/2021
RUE MARTIN LUTHER KING - AVIGNON,84000,"43.943149, 4.796952",1,FALSE,07/06/2021,07/06/2021
RUE MARTIN LUTHER KING - AVIGNON,84000,"43.943149, 4.796952",1,FALSE,07/06/2021,07/06/2021
RUE MARTIN LUTHER KING - AVIGNON,84000,"43.943149, 4.796952",1,FALSE,07/06/2021,07/06/2021
RUE MARTIN LUTHER KING - AVIGNON,84000,"43.943149, 4.796952",1,FALSE,07/06/2021,07/06/2021
SEMARD ROTONDE - AVIGNON,84000,"43.939104, 4.821433",1,FALSE,07/06/2021,07/06/2021
SEMARD ROTONDE - AVIGNON,84000,"43.939104, 4.821433",1,FALSE,07/06/2021,07/06/2021
OFFICE DU TOURISME - GASSIN,83580,"43.230239, 6.585713",1,FALSE,07/06/2021,07/06/2021
OFFICE DU TOURISME - GASSIN,83580,"43.230239, 6.585713",1,FALSE,07/06/2021,07/06/2021
CAP SUD - AVIGNON,84000,"43.927832, 4.838556",1,FALSE,07/06/2021,07/06/2021
CAP SUD - AVIGNON,84000,"43.927832, 4.838556",1,FALSE,07/06/2021,07/06/2021
VILLENEUVE-LOUBET - COOLWORK,62700,"43.641297, 7.130067",1,FALSE,07/06/2021,07/06/2021
VILLENEUVE-LOUBET - COOLWORK,62700,"43.641297, 7.130067",1,FALSE,07/06/2021,07/06/2021
VILLENEUVE-LOUBET - COOLWORK,62700,"43.641297, 7.130067",1,FALSE,07/06/2021,07/06/2021
VILLENEUVE-LOUBET - COOLWORK,62700,"43.641297, 7.130067",1,FALSE,07/06/2021,07/06/2021
MOURRE-SOLIDARITE - AVIGNON,84000,"43.942905, 4.825062",1,FALSE,07/06/2021,07/06/2021
MOURRE-SOLIDARITE - AVIGNON,84000,"43.942905, 4.825062",1,FALSE,07/06/2021,07/06/2021
PLACE FERRARI - CLAMART,92140,"48.798985, 2.262841",1,FALSE,07/06/2021,07/06/2021
PLACE FERRARI - CLAMART,92140,"48.798985, 2.262841",1,FALSE,07/06/2021,07/06/2021
PLACE FERRARI - CLAMART,92140,"48.798985, 2.262841",1,FALSE,07/06/2021,07/06/2021
PLACE FERRARI - CLAMART,92140,"48.798985, 2.262841",1,FALSE,07/06/2021,07/06/2021
PLACE FERRARI - CLAMART,92140,"48.798985, 2.262841",1,FALSE,07/06/2021,07/06/2021
PLACE FERRARI - CLAMART,92140,"48.798985, 2.262841",1,FALSE,07/06/2021,07/06/2021
HOPITAL BECLERE - AVENUE DE GAULLE - CLAMART,92140,"48.786899, 2.255335",1,FALSE,07/06/2021,07/06/2021
HOPITAL BECLERE - AVENUE DE GAULLE - CLAMART,92140,"48.786899, 2.255335",1,FALSE,07/06/2021,07/06/2021
HOPITAL BECLERE - AVENUE DE GAULLE - CLAMART,92140,"48.786899, 2.255335",1,FALSE,07/06/2021,07/06/2021
HOPITAL BECLERE - AVENUE DE GAULLE - CLAMART,92140,"48.786899, 2.255335",1,FALSE,07/06/2021,07/06/2021
HOPITAL BECLERE - AVENUE DE GAULLE - CLAMART,92140,"48.786899, 2.255335",1,FALSE,07/06/2021,07/06/2021
HOPITAL BECLERE - AVENUE DE GAULLE - CLAMART,92140,"48.786899, 2.255335",1,FALSE,07/06/2021,07/06/2021
BP AIRE DU GRANIER - MYANS,BP738,"45.526670, 5.973200",1,FALSE,07/06/2021,07/06/2021
BP AIRE DU GRANIER - MYANS,BP738,"45.526670, 5.973200",1,FALSE,07/06/2021,07/06/2021
BP AIRE DU GRANIER - MYANS,BP738,"45.526670, 5.973200",1,FALSE,07/06/2021,07/06/2021
BARTHELASSE - AVIGNON,84000,"43.952673, 4.796913",1,FALSE,07/06/2021,07/06/2021
BARTHELASSE - AVIGNON,84000,"43.952673, 4.796913",1,FALSE,07/06/2021,07/06/2021
RENAULT DEALER FOUGERES,RNO3500,"48.348536, -1.181023",1,FALSE,07/06/2021,07/06/2021
RENAULT DEALER FOUGERES,RNO3500,"48.348536, -1.181023",1,FALSE,19/07/2021,19/07/2021
VICTOR HUGO - CLAMART,92140,"48.804229, 2.267296",1,FALSE,19/07/2021,19/07/2021
VICTOR HUGO - CLAMART,92140,"48.804229, 2.267296",1,FALSE,19/07/2021,19/07/2021
VICTOR HUGO - CLAMART,92140,"48.804229, 2.267296",1,FALSE,19/07/2021,19/07/2021
VICTOR HUGO - CLAMART,92140,"48.804229, 2.267296",1,FALSE,19/07/2021,19/07/2021
VICTOR HUGO - CLAMART,92140,"48.804229, 2.267296",1,FALSE,19/07/2021,19/07/2021
VICTOR HUGO - CLAMART,92140,"48.804229, 2.267296",1,FALSE,19/07/2021,19/07/2021
POMPIDOU - CLAMART,92140,"48.784747, 2.236370",1,FALSE,19/07/2021,19/07/2021
POMPIDOU - CLAMART,92140,"48.784747, 2.236370",1,FALSE,19/07/2021,19/07/2021
POMPIDOU - CLAMART,92140,"48.784747, 2.236370",1,FALSE,19/07/2021,19/07/2021
POMPIDOU - CLAMART,92140,"48.784747, 2.236370",1,FALSE,19/07/2021,19/07/2021
POMPIDOU - CLAMART,92140,"48.784747, 2.236370",1,FALSE,19/07/2021,19/07/2021
POMPIDOU - CLAMART,92140,"48.784747, 2.236370",1,FALSE,19/07/2021,19/07/2021
PRAIRIE DE LA MER GRIMAUD,83310,"43.280687, 6.581150",1,FALSE,19/07/2021,19/07/2021
PRAIRIE DE LA MER GRIMAUD,83310,"43.280687, 6.581150",1,FALSE,19/07/2021,19/07/2021
PRAIRIE DE LA MER GRIMAUD,83310,"43.280687, 6.581150",1,FALSE,19/07/2021,19/07/2021
PRAIRIE DE LA MER GRIMAUD,83310,"43.280687, 6.581150",1,FALSE,19/07/2021,19/07/2021
PRAIRIE DE LA MER ENTREE GRIMAUD,83310,"43.276785, 6.581173",1,FALSE,13/12/2021,13/12/2021
PRAIRIE DE LA MER ENTREE GRIMAUD,83310,"43.276785, 6.581173",1,FALSE,13/12/2021,13/12/2021
PRAIRIE DE LA MER ENTREE GRIMAUD,83310,"43.276785, 6.581173",1,FALSE,13/12/2021,13/12/2021
BP AIRE DE L'ABIS - SAINT-JEOIRE-PRIEURE,BP73100,"45.526596, 5.976272",1,FALSE,13/12/2021,13/12/2021
BP AIRE DE L'ABIS - SAINT-JEOIRE-PRIEURE,BP73100,"45.526596, 5.976272",1,FALSE,13/12/2021,13/12/2021
BP AIRE DE L'ABIS - SAINT-JEOIRE-PRIEURE,BP73100,"45.526596, 5.976272",1,FALSE,13/12/2021,13/12/2021
AVENUE JEAN JAURES - CLAMART,92140,"48.808019, 2.267834",1,FALSE,13/12/2021,13/12/2021
AVENUE JEAN JAURES - CLAMART,92140,"48.808019, 2.267834",1,FALSE,13/12/2021,13/12/2021
AVENUE JEAN JAURES - CLAMART,92140,"48.808019, 2.267834",1,FALSE,13/12/2021,13/12/2021
AVENUE JEAN JAURES - CLAMART,92140,"48.808019, 2.267834",1,FALSE,13/12/2021,13/12/2021
AVENUE JEAN JAURES - CLAMART,92140,"48.808019, 2.267834",1,FALSE,13/12/2021,13/12/2021
DOMAINE TORPEZ - RAMATUELLE,83350,"43.256121, 6.635613",1,FALSE,13/12/2021,13/12/2021
DOMAINE TORPEZ - RAMATUELLE,83350,"43.256121, 6.635613",1,FALSE,13/12/2021,13/12/2021
DOMAINE TORPEZ - RAMATUELLE,83350,"43.256121, 6.635613",1,FALSE,13/12/2021,13/12/2021
DOMAINE TORPEZ - RAMATUELLE,83350,"43.256121, 6.635613",1,FALSE,13/12/2021,13/12/2021
LE VILLAGE - VELLERON,84740,"43.955152, 5.027168",1,FALSE,13/12/2021,13/12/2021
LE VILLAGE - VELLERON,84740,"43.955152, 5.027168",1,FALSE,13/12/2021,13/12/2021
LE VILLAGE - VELLERON,84740,"43.955152, 5.027168",1,FALSE,13/12/2021,13/12/2021
LE VILLAGE - VELLERON,84740,"43.955152, 5.027168",1,FALSE,13/12/2021,13/12/2021
SAINT-RAMBERT-D'ALBON,BP26100,"45.275643, 4.828890",1,FALSE,13/12/2021,13/12/2021
SAINT-RAMBERT-D'ALBON,BP26100,"45.275643, 4.828890",1,FALSE,13/12/2021,13/12/2021
SAINT-RAMBERT-D'ALBON,BP26100,"45.275643, 4.828890",1,FALSE,13/12/2021,13/12/2021
MONTFAVET PAROISSIENS,84140,"43.934998, 4.871245",1,FALSE,13/12/2021,13/12/2021
MONTFAVET PAROISSIENS,84140,"43.934998, 4.871245",1,FALSE,13/12/2021,13/12/2021
MONTFAVET PAROISSIENS,84140,"43.934998, 4.871245",1,FALSE,13/12/2021,13/12/2021
MONTFAVET PAROISSIENS,84140,"43.934998, 4.871245",1,FALSE,13/12/2021,13/12/2021
RENAULT DEALER Bain de Bretagne,RNO35000,"47.862233, -1.683721",1,FALSE,13/12/2021,13/12/2021
RENAULT DEALER Bain de Bretagne,RNO35000,"47.862233, -1.683721",1,FALSE,13/12/2021,13/12/2021
Chaumont sur Tharonne,BP41600,"47.665194, 1.926161",1,FALSE,13/12/2021,13/12/2021
Chaumont sur Tharonne,BP41600,"47.665194, 1.926161",1,FALSE,13/12/2021,13/12/2021
Chaumont sur Tharonne,BP41600,"47.665194, 1.926161",1,FALSE,13/12/2021,13/12/2021
FR*55C*PBP*67170*BRUMATH,BP67100,"48.724352, 7.691184",1,FALSE,13/12/2021,13/12/2021
FR*55C*PBP*67170*BRUMATH,BP67100,"48.724352, 7.691184",1,FALSE,13/12/2021,13/12/2021
FR*55C*PBP*67170*BRUMATH,BP67100,"48.724352, 7.691184",1,FALSE,13/12/2021,13/12/2021
FR*55C*P78140*VLZ*TARRON,78140,"48.782472, 2.190194",1,FALSE,13/12/2021,13/12/2021
FR*55C*P78140*VLZ*TARRON,78140,"48.782472, 2.190194",1,FALSE,13/12/2021,13/12/2021
FR*55C*P78140*VLZ*TARRON,78140,"48.782472, 2.190194",1,FALSE,13/12/2021,13/12/2021
FR*55C*P78140*VLZ*TARRON,78140,"48.782472, 2.190194",1,FALSE,13/12/2021,13/12/2021
AVENUE DE LA DIVISION LECLERC - FONTENAY-AUX-ROSES,92320,"48.795044, 2.274352",1,FALSE,13/12/2021,13/12/2021
AVENUE DE LA DIVISION LECLERC - FONTENAY-AUX-ROSES,92320,"48.795044, 2.274352",1,FALSE,13/12/2021,13/12/2021
AVENUE DE LA DIVISION LECLERC - FONTENAY-AUX-ROSES,92320,"48.795044, 2.274352",1,FALSE,13/12/2021,13/12/2021
AVENUE DE LA DIVISION LECLERC - FONTENAY-AUX-ROSES,92320,"48.795044, 2.274352",1,FALSE,13/12/2021,13/12/2021
AVENUE DE LA DIVISION LECLERC - FONTENAY-AUX-ROSES,92320,"48.795044, 2.274352",1,FALSE,13/12/2021,13/12/2021
AVENUE DE LA DIVISION LECLERC - FONTENAY-AUX-ROSES,92320,"48.795044, 2.274352",1,FALSE,13/12/2021,13/12/2021
AVENUE DE LA DIVISION LECLERC - FONTENAY-AUX-ROSES,92320,"48.795044, 2.274352",1,FALSE,13/12/2021,13/12/2021
PLACE EMMANUEL VITRIA - MORIERE,84310,"43.942662, 4.904710",1,FALSE,28/02/2022,28/02/2022
PLACE EMMANUEL VITRIA - MORIERE,84310,"43.942662, 4.904710",1,FALSE,28/02/2022,28/02/2022
RUE JEAN JAURES - FONTENAY-AUX-ROSES,92260,"48.790756, 2.287036",1,FALSE,09/05/2022,09/05/2022
RUE JEAN JAURES - FONTENAY-AUX-ROSES,92260,"48.790756, 2.287036",1,FALSE,09/05/2022,09/05/2022
RUE JEAN JAURES - FONTENAY-AUX-ROSES,92260,"48.790756, 2.287036",1,FALSE,09/05/2022,09/05/2022
RUE JEAN JAURES - FONTENAY-AUX-ROSES,92260,"48.790756, 2.287036",1,FALSE,09/05/2022,09/05/2022
AVENUE LOMBART - FONTENAY-AUX-ROSES,92260,"48.789219, 2.292852",1,FALSE,09/05/2022,09/05/2022
AVENUE LOMBART - FONTENAY-AUX-ROSES,92260,"48.789219, 2.292852",1,FALSE,09/05/2022,09/05/2022
AVENUE LOMBART - FONTENAY-AUX-ROSES,92260,"48.789219, 2.292852",1,FALSE,09/05/2022,09/05/2022
AVENUE LOMBART - FONTENAY-AUX-ROSES,92260,"48.789219, 2.292852",1,FALSE,09/05/2022,09/05/2022
AVENUE LOMBART - FONTENAY-AUX-ROSES,92260,"48.789219, 2.292852",1,FALSE,09/05/2022,09/05/2022
AVENUE LOMBART - FONTENAY-AUX-ROSES,92260,"48.789219, 2.292852",1,FALSE,09/05/2022,09/05/2022
AVENUE PAUL LANGEVIN - FONTENAY-AUX-ROSES,92260,"48.783485, 2.283107",1,FALSE,09/05/2022,09/05/2022
AVENUE PAUL LANGEVIN - FONTENAY-AUX-ROSES,92260,"48.783485, 2.283107",1,FALSE,09/05/2022,09/05/2022
AVENUE PAUL LANGEVIN - FONTENAY-AUX-ROSES,92260,"48.783485, 2.283107",1,FALSE,09/05/2022,09/05/2022
AVENUE PAUL LANGEVIN - FONTENAY-AUX-ROSES,92260,"48.783485, 2.283107",1,FALSE,09/05/2022,09/05/2022
AVENUE PAUL LANGEVIN - FONTENAY-AUX-ROSES,92260,"48.783485, 2.283107",1,FALSE,09/05/2022,09/05/2022
AVENUE PAUL LANGEVIN - FONTENAY-AUX-ROSES,92260,"48.783485, 2.283107",1,FALSE,09/05/2022,09/05/2022
GARE - ENTRAIGUES SUR LA SORGUE,84320,"44.005089, 4.921510",1,FALSE,09/05/2022,09/05/2022
GARE - ENTRAIGUES SUR LA SORGUE,84320,"44.005089, 4.921510",1,FALSE,09/05/2022,09/05/2022
CAPITAINERIE  SAINT TROPEZ,83990,"43.272524, 6.636581",1,FALSE,09/05/2022,09/05/2022
CAPITAINERIE  SAINT TROPEZ,83990,"43.272524, 6.636581",1,FALSE,09/05/2022,09/05/2022
300 Route de Tahiti 83350 Ramatuelle,83350,"43.250875, 6.657337",1,FALSE,30/03/2022,21/06/2022
300 Route de Tahiti 83350 Ramatuelle,83350,"43.250875, 6.657337",1,FALSE,30/03/2022,21/06/2022
6 Avenue de Paris 78000 Versailles,78000,"48.801996, 2.130358",1,FALSE,05/05/2022,21/06/2022
6 Avenue de Paris 78000 Versailles,78000,"48.801996, 2.130358",1,FALSE,05/05/2022,21/06/2022
Rue du Four 83310 La Môle,83310,"43.207435, 6.465199",1,FALSE,31/05/2022,21/06/2022
Rue du Four 83310 La Môle,83310,"43.207435, 6.465199",1,FALSE,31/05/2022,21/06/2022
19 Rue de la Résistance 83990 Saint-Tropez,83990,"43.268741, 6.643206",1,FALSE,08/06/2022,21/06/2022
19 Rue de la Résistance 83990 Saint-Tropez,83990,"43.268741, 6.643206",1,FALSE,17/06/2022,21/06/2022
BP AIRE DE L'ABIS – SAINT-JEOIRE-PRIEURE,73190,"45.526596, 5.976272",1,FALSE,22/07/2022,02/08/2022
BP AIRE DE L'ABIS – SAINT-JEOIRE-PRIEURE,73190,"45.526596, 5.976272",1,FALSE,22/07/2022,02/08/2022
BP AIRE DE L'ABIS – SAINT-JEOIRE-PRIEURE,73190,"45.526596, 5.976272",1,FALSE,22/07/2022,02/08/2022
BP AIRE DE L'ABIS – SAINT-JEOIRE-PRIEURE,73190,"45.526596, 5.976272",1,FALSE,22/07/2022,02/08/2022
BP AIRE DE L'ABIS – SAINT-JEOIRE-PRIEURE,73190,"45.526596, 5.976272",1,FALSE,22/07/2022,02/08/2022
BP AIRE DE L'ABIS – SAINT-JEOIRE-PRIEURE,73190,"45.526596, 5.976272",1,FALSE,22/07/2022,02/08/2022
BP AIRE DE L'ABIS – SAINT-JEOIRE-PRIEURE,73190,"45.526596, 5.976272",1,FALSE,22/07/2022,02/08/2022
BP AIRE DE L'ABIS – SAINT-JEOIRE-PRIEURE,73190,"45.526596, 5.976272",1,FALSE,22/07/2022,02/08/2022
BP AIRE DU GRANIER – MYANS,73800,"45.526670, 5.973200",1,FALSE,22/07/2022,02/08/2022
BP AIRE DU GRANIER – MYANS,73800,"45.526670, 5.973200",1,FALSE,22/07/2022,02/08/2022
BP AIRE DU GRANIER – MYANS,73800,"45.526670, 5.973200",1,FALSE,22/07/2022,02/08/2022
BP AIRE DU GRANIER – MYANS,73800,"45.526670, 5.973200",1,FALSE,22/07/2022,02/08/2022
BP AIRE DU GRANIER – MYANS,73800,"45.526670, 5.973200",1,FALSE,22/07/2022,02/08/2022
BP AIRE DU GRANIER – MYANS,73800,"45.526670, 5.973200",1,FALSE,22/07/2022,02/08/2022
BP AIRE DU GRANIER – MYANS,73800,"45.526670, 5.973200",1,FALSE,22/07/2022,02/08/2022
BP AIRE DU GRANIER – MYANS,73800,"45.526670, 5.973200",1,FALSE,22/07/2022,02/08/2022
CAMPING DES MURES - PRESTIGE – GRIMAUD,83310,"43.284265, 6.585656",1,FALSE,22/07/2022,02/08/2022
CAMPING DES MURES - PLAGE – GRIMAUD,83310,"43.283508, 6.592279",1,FALSE,22/07/2022,02/08/2022
NIKKI BEACH – RAMATUELLE,83350,"43.220607, 6.659943",1,FALSE,22/08/2022,02/09/2022
PRAIRIE DE LA MER - PARKING CLIENTS – GRIMAUD,83310,"43.280330, 6.584320",1,FALSE,26/09/2022,26/09/2022
PRAIRIE DE LA MER - PARKING CLIENTS – GRIMAUD,83310,"43.280330, 6.584320",1,FALSE,26/09/2022,26/09/2022
BP AIRE DE MEILLAC,33240,"44.974930, -0.431965",1,FALSE,26/09/2022,26/09/2022
BP AIRE DE MEILLAC,33240,"44.974930, -0.431965",1,FALSE,26/09/2022,26/09/2022
BP AIRE DE MEILLAC,33240,"44.974930, -0.431965",1,FALSE,26/09/2022,26/09/2022
BP AIRE DE MEILLAC,33240,"44.974930, -0.431965",1,FALSE,26/09/2022,26/09/2022
BP AIRE DE MEILLAC,33240,"44.974930, -0.431965",1,FALSE,26/09/2022,26/09/2022
BP AIRE DE MEILLAC,33240,"44.974930, -0.431965",1,FALSE,26/09/2022,26/09/2022
ECOLE - VENTABREN,13122,"43.538529, 5.302399",1,FALSE,03/10/2022,06/10/2022
ECOLE - VENTABREN,13122,"43.538529, 5.302399",1,FALSE,03/10/2022,06/10/2022
PLATEAU - VENTABREN,13122,"43.535968, 5.294772",1,FALSE,03/10/2022,06/10/2022
PARKING CANADELIA - RAYOL,83820,"43.160329, 6.464987",1,FALSE,18/11/2022,30/11/2022
PARKING CANADELIA - RAYOL,83820,"43.160329, 6.464987",1,FALSE,18/11/2022,30/11/2022
PARKING LAFONT - LE BOUSCAT,33110,"44.866450, -0.597037",1,FALSE,22/11/2022,30/11/2022
PARKING LAFONT - LE BOUSCAT,33110,"44.866450, -0.597037",1,FALSE,22/11/2022,30/11/2022
PARKING LAFONT - LE BOUSCAT,33110,"44.866450, -0.597037",1,FALSE,22/11/2022,30/11/2022
PARKING LAFONT - LE BOUSCAT,33110,"44.866450, -0.597037",1,FALSE,22/11/2022,30/11/2022
